{
  "eggs": 85.0,
  "yogurt": 4.500000000000001,
  "butter": 3975.0,
  "salt": 200.0,
  "bakingPowder": 375.0,
  "milk": 33.00000000000001,
  "sausage": 999.0,
  "syrup": 2.7500000000000004,
  "water": 100.0,
  "bacon": 90.0,
  "flour": 18000.0,
  "lastModified": "2024-11-10_23-28-28",
  "sugar": 1400.0
}